periodicity,smoothness,metric_pattern_correlation
0.73,0.63,0.62
0.73,0.43,0.52
0.6799999999999999,0.5800000000000001,0.57
0.73,0.5800000000000001,0.57
0.78,0.5800000000000001,0.57
0.73,0,0.57
0.78,0.030000000000000002,0.67
0.78,0.030000000000000002,0.67
0.8300000000000001,0,0.72
0.6799999999999999,0.030000000000000002,0.57
0.73,0.22999999999999998,0.62
0.73,0.63,0.62
